,throughputMbps,throughputMbps,throughputMbps,throughputMbps,delaySeconds,delaySeconds,delaySeconds,delaySeconds,hopCount,hopCount,hopCount,hopCount,pdr,pdr,pdr,pdr
,mean,std,min,max,mean,std,min,max,mean,std,min,max,mean,std,min,max
is_inter_cluster,,,,,,,,,,,,,,,,
False,0.0001440450751252087,0.0005121551254715462,0.0,0.008022,0.10547127378964942,0.24859920431235147,0.0,1.934481,1.009252632721202,0.2824914105830523,0.0,3.0,0.9454601452420702,0.19870484219123788,0.0,1.0
True,0.04432618888888889,0.07202050602571378,0.0,0.442261,0.4051398333333333,0.47384271430176017,0.0,1.391963,2.182418933333333,2.1615184203742226,0.0,6.658824,0.04569864444444445,0.07477638385802964,0.0,0.44155
