,throughput_mbps,throughput_mbps,throughput_mbps,throughput_mbps,delay_seconds,delay_seconds,delay_seconds,delay_seconds,hop_count,hop_count,hop_count,hop_count,pdr,pdr,pdr,pdr
,mean,std,min,max,mean,std,min,max,mean,std,min,max,mean,std,min,max
is_inter_cluster,,,,,,,,,,,,,,,,
False,0.00014389649415692823,0.000512263926512251,0.0,0.008022,0.10437936894824708,0.24828420124837625,0.0,1.934481,1.0089743906510853,0.28241817529952995,0.0,3.0,0.9453976560934891,0.1986935161763725,0.0,1.0
True,0.0442834,0.07204137169535511,0.0,0.442261,0.40938484444444445,0.4869038051207155,0.0,1.869955,2.181809433333333,2.1610031650902894,0.0,6.658824,0.045655188888888885,0.07479727324356006,0.0,0.44155
